{"cameraMode":{"drawMode":0,"name":"Shaded","section":"Shading Mode"},"sceneLighting":true,"audioPlay":false,"sceneViewState":{"showFog":true,"showMaterialUpdate":false,"showSkybox":true,"showFlares":true,"showImageEffects":true,"showParticleSystems":true},"in2DMode":false,"pivot":{"x":-3.3396949768066408,"y":4.2702765464782719,"z":-12.944151878356934},"rotation":{"x":-0.0029468846041709186,"y":0.9922741651535034,"z":-0.01808318868279457,"w":-0.12875203788280488},"size":15.143613815307618,"orthographic":false}